id,cluster
33423.90742684354_32026.419047986674,8
33424.33317122298_32033.256525647994,9
33425.3025511273_32028.254356312216,8
33426.1470243433_32001.59865424563,8
33426.210323761836_32031.84982200546,9
33426.533450396615_32030.182432226873,9
33427.25290103239_32052.21594097327,11
33427.963766810106_32031.83890006419,9
33429.49832167706_32001.20414684518,8
33429.59350036778_32033.223759824185,9
33429.67698649856_32050.335834850033,6
33430.941333071525_32035.454261793486,9
33431.22737499331_32032.66510151171,9
33432.00726492134_32038.530405972102,6
33432.10107196473_32048.45572872679,6
33432.849619010834_32000.809639444724,8
33432.86539068669_32030.16292512678,8
33433.07319677115_32041.60655015072,11
33433.99260462184_32046.868221041907,11
33434.13912862096_32044.682694329334,11
33434.50340638007_32027.660748741844,8
33435.519382262224_32025.480582605465,8
33435.993290025006_32046.780719965736,11
33436.15667474449_32000.403217702522,8
33436.95708749562_32027.034995291506,8
33437.17216176441_32023.403488092597,8
33438.63568098328_32047.900627059928,6
33439.41948887802_31999.98488161857,8
33439.76757731947_32092.077975295513,10
33440.083784697854_32021.107454954705,9
33440.22643403334_32028.285664775765,9
33440.618103036795_31974.177953485756,8
33441.27807194156_32049.020534154115,4
33441.8172093447_32091.909037085916,10
33442.68230301156_31999.566545534613,8
33442.99540763129_32018.811421816805,9
33443.495780571066_32029.536334260018,5
33444.097560744565_31973.908470162492,8
33445.0997154748_32091.653793059253,10
33446.00748692789_31999.089945910593,8
33446.6453247978_32030.373042153566,5
33447.577018452335_31973.63898683923,8
33448.382221604894_32091.39854903259,10
33449.395040627016_31998.555082746498,9
33449.58264211145_31972.88675011429,8
33449.675066713535_32030.795788456402,5
33450.95804404329_31971.208742380157,0
33450.99643698417_31932.628251192502,0
33451.75007393652_32091.14282906195,10
33452.01729548619_31936.300623411185,0
33452.70480862927_32031.218534759235,5
33452.78259432615_31998.02021958241,9
33453.1770582965_31969.087717038514,0
33453.94411258608_31938.817319947415,0
33454.53969843236_32032.72729642406,5
33454.640459806615_31999.630199109026,4
33454.968637068436_32003.385021326354,4
33455.20327246966_32090.886633147336,10
33455.29681433024_32007.139843543682,4
33455.396072549716_31966.966691696864,0
33455.62297136004_32030.35457832305,4
33456.0322888816_31997.230768167294,9
33456.04915481178_32058.16273024861,5
33456.50259798326_32034.693411455686,5
33456.77688828384_31940.178340801194,0
33458.03193062707_31966.628199641997,0
33458.42955490584_32028.203919147854,5
33458.65647100282_32090.63043723272,10
33459.14412429339_31996.18672850116,4
33459.41368416161_32060.105242625963,10
33459.60966398161_31941.539361654974,0
33459.78835939462_32036.03086449213,5
33460.9402354833_31966.397440841953,0
33461.23613845163_32026.05325997265,4
33462.214711984576_32090.32100350888,10
33462.25595970517_31995.142688835025,4
33462.570457007445_31942.964166005102,0
33462.778213511454_32062.04775500332,10
33463.07412080597_32037.368317528577,5
33463.70414329425_31964.491882009952,0
33463.989097394806_31996.4321904641,4
33464.021386101645_32023.92509870543,4
33464.34353736229_32000.05523338839,4
33465.62630075399_31993.724045765448,4
33465.65926736136_31944.45275385158,0
33465.87799541495_32089.958331975824,10
33466.09186907692_32063.78389347816,10
33466.386141708266_32038.787233986193,5
33466.468051105214_31962.58632317795,0
33466.78529785588_32021.819435346188,4
33468.74807771527_31945.941341698057,0
33469.255147439835_31991.93079929243,6
33469.268068362086_31960.635483289807,0
33469.35465085799_32065.313658050483,10
33469.541278845325_32089.595660442767,10
33469.54920961011_32019.713771986942,4
33469.72442210151_32040.287613864977,5
33471.60627465643_31990.328295535925,2
33471.7761543805_31947.846206348542,0
33472.01790413201_32090.899462965805,10
33472.10419506489_31958.63936234551,0
33472.288503201555_32017.61614565232,4
33472.617432639076_32066.843422622806,10
33473.062702494746_32041.78799374376,5
33473.53642222828_31988.673514970018,9
33474.15972667364_32091.604900203743,10
33474.743497357056_31950.167347803035,0
33474.94032176769_31956.64324140122,0
33475.00317863021_32015.526556342316,6
33475.781741353996_32068.310554471143,10
33476.32330962467_31986.77571487819,9
33476.45186179341_32043.34205786419,5
33477.15340461393_32090.045498100495,10
33477.71084033361_31952.488489257532,0
33477.71785405888_32013.43696703231,2
33477.77644847049_31954.647120456924,0
33478.847577002765_32069.715053595497,10
33479.11019702106_31984.87791478636,9
33479.891899997485_32044.949806226257,10
33480.14708255421_32088.486095997247,10
33480.21867431472_31952.67326969817,0
33480.43417176628_32011.335524168466,2
33481.913412651535_32071.11955271985,10
33481.98856425448_32088.764752026604,10
33482.02346811271_31982.666140593778,9
33482.26699930039_31950.721689124948,0
33482.677849714724_32090.881466188574,10
33483.15213175242_32009.222227750775,5
33483.17521736333_32087.458287354064,10
33483.33193820156_32046.557554588326,10
33484.31532428606_31948.770108551733,0
33484.96775984947_32072.551758284993,10
33485.06312289963_31980.14039230044,9
33485.87009173855_32007.108931333085,5
33486.23780904126_32086.962072170947,10
33486.45521791311_32048.020961577255,10
33486.77889260581_31946.566127240672,0
33487.98606017134_31896.97532181957,0
33488.01061859657_32074.011670290925,10
33488.102777686545_31977.614644007102,9
33488.581487720374_32004.98382716847,5
33489.26173913213_32049.34002719305,10
33489.30040071919_32086.46585698783,10
33489.657704259655_31944.109745191774,0
33490.71968396443_31897.80077372158,0
33490.93562913831_31975.39147571891,9
33491.05347734367_32075.471582296857,10
33491.12223158467_32084.5483808802,10
33491.28631969787_32002.846915256934,5
33491.44467662931_32087.691217860443,10
33491.70330163769_32081.20964384805,10
33492.06826035115_32050.65909280884,10
33492.28437169071_32077.8709068159,10
33492.320320563944_32085.975145251043,10
33492.536515913496_31941.653363142876,0
33492.6706367716_32090.638154788783,10
33493.56167725492_31973.470887435855,9
33493.99115167538_32000.710003345397,5
33494.28939802284_31898.799661198558,0
33495.177348195044_31939.09037710208,0
33495.29756857551_32085.489936960585,10
33496.18772537153_31971.5502991528,9
33496.68941930348_31998.578395263427,5
33497.05409431599_31898.85928636438,0
33497.5802011043_31936.42078706938,0
33498.27481658708_32085.004728670126,10
33498.49022970598_31897.069094148337,0
33498.780949893975_31969.587775188404,9
33498.95465256789_31899.76875364794,0
33499.38112258217_31996.45209101103,10
33499.402821958094_31894.368346861585,0
33499.98305401355_31933.751197036683,0
33500.31541421021_31891.667599574834,0
33500.329693812484_32083.76187136011,10
33500.37888500575_32086.12764214269,10
33501.34135082225_31967.583315542655,9
33501.46220025172_32081.761365030543,10
33501.609773831544_32088.858677378274,10
33502.07282586087_31994.325786758633,10
33502.21357505044_31931.100997734593,0
33502.840662657334_32091.589712613855,10
33503.259385141224_32081.326835163687,10
33503.90175175053_31965.578855896907,9
33504.27176421497_31928.470189163105,0
33504.39109847731_31994.49812935236,10
33504.751400029985_31992.190343943,10
33505.72124848099_32082.458281759547,10
33506.32995337951_31925.83938059162,0
33506.33594043149_31996.969118792214,10
33506.558989417805_31963.48435281988,9
33507.08725476211_32058.068970188386,10
33507.41684508951_31990.04576256413,10
33508.22074093579_31922.887026870514,0
33508.28078238568_31999.440108232073,10
33508.453916476516_32083.76328549934,10
33509.313063824084_31961.299806311566,9
33509.91675477754_32059.511639734177,10
33509.94412688382_31919.613127999786,0
33510.08229014905_31987.90118118526,10
33510.167117683704_32014.194569998865,10
33510.1933168149_32017.292940721127,10
33510.21951594609_32020.391311443393,10
33510.22562433986_32001.911097671928,10
33510.32802265124_32011.062252596756,10
33510.4081983424_32023.55459345871,10
33510.67603171753_32007.895988514792,10
33510.759364003796_32026.782786767082,10
33511.024040783814_32004.729724432837,10
33511.11052966521_32030.010980075454,10
33511.45738912778_32085.24184638306,10
33511.66751283185_31916.339229129055,0
33511.80471668068_32033.32150620174,10
33512.06713823036_31959.115259803253,9
33512.57208173705_31987.756333737507,10
33512.73460633706_31985.734298618467,10
33512.74625479298_32060.95430927997,10
33512.841925050205_32036.714365145945,10
33512.97005115518_31906.21003666183,0
33513.69370035555_31913.627658097877,0
33513.879133419745_32040.10722409015,10
33514.05699341514_32092.73616921569,10
33514.460861779065_32086.720407266785,10
33514.67185810504_31956.9670867887,9
33514.886219853535_31989.611220220868,10
33515.07781385384_32094.89117920625,10
33515.083753454834_32043.337249611668,10
33515.327396541514_32089.218514877663,10
33515.37379365356_31983.54511486375,10
33515.65125327826_32062.407088326647,10
33515.781473054776_31909.005874427567,0
33516.0226894549_31911.47841490625,0
33516.45578515549_32046.40444171051,10
33517.12722344811_31954.855287267903,0
33517.82781685615_32049.471633809353,10
33518.01298097006_31981.35593110903,10
33518.27043729117_31909.297378056872,0
33518.38985785759_32095.68354484934,10
33518.631750233384_32063.86997687422,10
33519.048694143115_31894.075954806518,8
33519.21440289316_31897.044471625886,9
33519.478865682955_32052.391164468874,10
33519.58258879118_31952.743487747106,0
33520.43694386433_31907.084547549748,0
33520.506196975395_31890.827253233056,8
33520.64560461932_31979.135195836952,10
33521.00332322554_31899.732803691153,9
33521.4089316359_32055.16303368908,10
33521.61224718851_32065.33286542179,10
33521.70190186135_32096.47591049243,8
33521.963699807675_31887.578551659593,8
33522.103608406556_31950.46942502697,0
33522.60345043751_31904.871717042617,9
33522.79224355791_31902.42113575642,9
33523.27166460134_31976.882909047512,10
33523.33899758886_32057.93490290929,10
33523.40287939089_32064.37844165153,10
33523.57547758506_31884.523797722773,8
33523.84294165115_32095.57020075341,10
33524.003646840516_32061.006705563435,10
33524.48443379365_32066.18954800797,10
33524.690282294236_31948.033099107502,8
33524.74534632686_31902.268102189562,9
33524.812977227_32092.966415632272,10
33524.86951375855_32097.383599834073,8
33525.341530307545_31881.662991422592,8
33525.897724583374_31974.63062225807,10
33526.86263153238_31899.273702990577,9
33527.10758303003_31878.80218512242,8
33527.24831004881_32066.440024632764,10
33527.276956181915_31945.59677318803,8
33527.892693549205_32098.406612874256,8
33528.509014477924_31972.35209489643,10
33528.97991673791_31896.27930379159,8
33529.468900530774_31943.508823715998,8
33530.01218630397_32066.69050125755,10
33530.91587333985_32099.429625914447,8
33531.10553428499_31970.047326962584,10
33531.12674149713_31893.470333286175,8
33531.2661153408_31941.76925069141,8
33531.76337153348_32068.657804191207,10
33532.99864279479_32098.87766698131,8
33533.303105810046_31890.846791474323,8
33533.471191137454_31939.666753220918,9
33533.702054092064_31967.74255902874,10
33533.92920507835_32100.521141524274,8
33534.14100191401_32096.750736074853,8
33535.47947012296_31888.22324966248,8
33536.08412792073_31937.20133130453,8
33536.27067296596_31965.44847908146,10
33536.93268876469_32101.68115970374,8
33536.94246928304_31864.56296014806,0
33537.55407546063_31885.662140613633,8
33538.35539861211_31866.064205133,0
33538.69706470401_31934.73590938814,8
33538.81139090669_31963.165087120753,10
33539.52692182307_31883.163464327794,8
33539.93617245104_32102.84117788321,8
33540.90586731051_31868.72721726285,0
33541.137666404225_31932.43466527559,8
33541.35210884742_31960.881695160046,10
33541.49976818549_31880.66478804196,8
33542.053406242994_32102.460145160054,8
33542.23194994421_31871.618177756318,8
33542.3336465132_31874.737086613408,8
33542.43534308221_31877.855995470494,8
33543.284390140565_32100.538061534266,8
33543.405933021386_31930.297598966878,9
33543.86328399641_31958.63664164671,10
33545.41803628649_32100.226700884625,8
33545.674199638546_31928.160532658163,9
33545.97984119806_32116.715517085024,8
33546.344916353664_31956.42992658075,10
33546.78647946235_32118.830265793586,8
33546.81025808603_32078.434228611666,10
33547.52104102823_32113.9347847084,8
33547.98637124517_31925.996570149957,9
33548.408847963234_31861.5848529802,9
33548.454344680795_32101.52606321113,8
33548.82654871092_31954.223211514785,10
33549.06224085841_32111.154052331778,8
33549.75464793184_32080.15531380781,5
33549.94095582112_32120.279030834092,8
33550.342447841256_31923.80571144226,9
33550.60344068858_32108.373319955153,8
33551.00595269784_31864.08494044223,9
33551.49065307509_32102.82542553763,10
33551.601954591206_31952.688784168335,10
33552.191423937955_32105.229030233862,8
33552.69852443734_31921.614852734565,9
33552.699037777646_32081.87639900395,10
33553.095432179885_32121.72779587459,8
33553.35489219066_31866.43082026351,9
33554.1215737152_32103.952639581425,8
33554.67113399453_31951.826644541397,10
33555.05460103343_31919.423994026867,9
33555.4556664417_31868.622492444047,9
33555.60403723799_32083.64114206491,10
33556.34710660114_32104.90770534251,8
33557.32388630965_32191.726144628818,10
33557.54075095527_31917.11164782838,9
33557.55644069274_31870.81416462458,9
33557.74031339786_31950.96450491446,10
33557.96769733393_31947.472529167615,10
33558.082738776895_32188.815249823158,10
33558.46964631286_32085.449542990675,10
33558.76621508418_31945.32126939531,10
33558.83916784433_31949.5131331232,10
33558.84159124413_32185.9043550175,10
33558.892683341735_32106.009069630796,8
33559.73763114445_31873.31602132551,9
33559.94320556814_32182.81395392483,10
33560.156974202866_31914.677814139104,9
33561.234721095076_31943.059353806282,10
33561.33525538773_32087.257943916447,10
33561.387581748924_32179.54404654514,8
33561.75830393699_32107.256732446287,8
33561.999237796845_31876.128062546843,9
33562.773197450464_31912.243980449828,9
33562.83195792971_32176.274139165456,8
33563.70322710597_31940.79743821725,10
33564.16147534555_32089.042871717294,10
33564.26084444924_31878.940103768175,9
33564.35675565433_32173.035378655895,8
33564.62392453226_32108.50439526178,8
33565.246628932844_31909.932039094823,9
33565.96197492279_32169.82776501646,10
33566.14547371493_31938.52645751066,10
33566.45023260174_31881.915762556604,9
33566.92617826619_32130.562024976887,8
33566.94830618632_32090.804326393227,10
33567.53714189572_32109.786016505004,8
33567.56719419126_32166.62015137703,8
33567.57726865001_31907.741990074093,9
33568.56740225434_31885.05503891213,9
33569.14451002177_32163.52590047763,8
33569.73513702709_32092.565781069155,10
33569.847600401445_32131.94364360268,10
33569.907908367175_31905.55194105336,9
33570.49795602739_32111.101596175955,10
33570.684571906946_31888.194315267658,9
33570.69392241434_32160.545012318267,8
33572.213929705176_31903.36071508763,9
33572.2433348069_32157.564124158904,10
33572.5154043593_32094.285151309512,10
33572.7690225367_32133.325262228474,10
33572.77220346142_31891.116579172987,9
33573.458770159064_32112.417175846906,8
33573.71725001209_32154.548120325395,10
33574.49533266402_31901.168312176902,9
33574.83029691776_31893.82183062812,9
33575.11566802988_32151.49700081774,8
33575.28910818293_32095.9624371143,10
33575.953042051435_32134.991712926705,8
33576.49836455162_32113.798131273237,10
33576.514086047675_32148.445881310083,10
33576.77673562286_31898.975909266177,9
33576.8883903741_31896.52708208325,9
33577.864907112606_32145.420040810663,10
33578.06281200656_32097.639722919084,10
33578.78158021983_31897.05553557159,9
33579.168131224666_32142.419479319477,10
33579.39965894565_32136.94299569736,10
33579.616739205056_32115.244462454946,10
33580.471355336726_32139.418917828287,8
33580.50986645496_31895.407191093153,9
33580.87426647898_32099.275993286374,10
33581.8336641168_32136.473314955085,8
33582.495020399794_31893.301341068065,9
33582.73511385849_32116.69079363666,8
33583.165719791796_31922.34838070772,10
33583.25505756489_32133.582670699867,8
33583.723471600184_32100.871248216165,10
33584.67645101297_32130.69202644465,8
33584.73704205436_31890.737985496336,9
33585.7589677814_31919.99627947909,10
33585.86333613113_32118.181824380892,8
33586.57267672139_32102.466503145955,10
33586.77404159097_32128.042445288833,8
33586.97906370892_31888.174629924604,10
33588.0567882451_31917.64714284148,10
33589.00140602297_32119.717554687653,8
33589.25226794041_31885.7150859049,10
33589.441578355305_32104.03400623732,10
33589.54782929887_32125.633927232415,8
33590.05918118289_31915.300970794888,10
33591.55665474883_31883.359353437223,10
33592.061574120686_31912.9547987483,10
33592.13947591481_32121.25328499441,8
33592.321617006775_32123.225409175997,8
33592.33017650193_32105.573757490263,10
33593.86104155724_31881.003620969546,10
33594.20511665524_31910.605210258534,10
33595.21877464855_32107.113508743205,10
33595.26113376113_32122.803586454243,8
33596.17527664069_31878.64388740314,10
33596.48980878656_31908.252205325596,10
33598.12706923571_32108.630773290977,10
33598.36637956193_32124.368459067147,8
33598.49935999918_31876.280152738007,10
33598.77450091788_31905.899200392658,10
33600.823443357665_31873.916418072877,10
33601.05098727458_31903.54624360367,9
33601.05506026341_32110.12555113358,10
33601.47162536273_32125.933331680055,9
33603.163940690625_31871.51837252115,9
33603.319267856656_31901.193334958625,9
33603.983051291114_32111.620328976183,10
33604.57687187967_32127.507418687608,9
33605.52085199806_31869.086016082827,9
33605.58754843873_31898.840426313585,9
33606.91268446625_32113.1111489981,10
33607.68211911275_32129.0907200898,9
33607.86895998461_31896.475600836995,9
33607.87776330549_31866.653659644504,9
33608.151371502005_32177.468492442404,9
33608.89974917732_32179.49013024075,9
33609.44638716265_32174.708842430722,9
33609.843959788835_32114.59801119933,10
33609.885037322354_31864.569081284746,10
33610.16350249429_31894.098858528854,9
33610.78736634584_32130.674021492,9
33611.54267404863_31862.83228100355,10
33611.69152018858_32180.773755825765,9
33612.458045003965_31891.722116220713,9
33612.77523511141_32116.08487340056,10
33613.899179426895_32132.263868064092,9
33614.495600689566_32182.082981046027,9
33614.75094687422_31889.34275306464,9
33615.74590190059_32117.562301956572,10
33617.01755835595_32133.86025980609,9
33617.042208105064_31886.96076906063,9
33617.31199068026_32183.417805901547,9
33618.75596015637_32119.030296867364,10
33619.33346933589_31884.578785056623,9
33619.37754200361_32182.68756690641,9
33620.03975380184_32184.693891108935,9
33620.135937284984_32135.456651548087,9
33620.692254659596_32179.892264060618,9
33621.64442674556_31882.179582843048,9
33621.766018412156_32120.49829177816,10
33622.67889005428_32185.911236668195,9
33622.91868645707_32177.418321785884,9
33623.22641647488_32137.005812184707,9
33623.97508033406_31879.763162419906,9
33624.80397943804_32121.950335590904,10
33625.698797874575_32187.31205829519,9
33626.05683739603_32175.265740082203,9
33626.28899592561_32138.507741715952,9
33626.30573392255_31877.34674199676,9
33627.86984323402_32123.38642830559,10
33628.478327513665_31875.08670310536,8
33629.0994772627_32188.896355989906,9
33629.19498833498_32173.11315837852,9
33629.35157537635_32140.009671247197,9
33630.4928611074_31872.983045745706,8
33630.93570703_32124.82252102028,10
33631.256465838_32170.997520812103,9
33632.24126990507_32168.918827382942,9
33632.38297220802_32141.47886730257,9
33632.50015665084_32190.48065368463,9
33632.50739470113_31870.87938838605,8
33633.986800341096_32126.254747419334,9
33634.43236898742_32168.792737418415,9
33634.788916362086_32190.057186474307,9
33635.383186420615_32142.915329882067,9
33635.965756396436_32187.625954358944,9
33636.02721372588_32192.119531668264,9
33637.023123167295_32127.683107502766,9
33637.82976308505_32170.61925091851,9
33638.19873645804_32186.102354433475,9
33638.38340063322_32144.35179246157,9
33639.59923390385_32202.325450362754,9
33639.680648487825_32193.81298994081,9
33640.05944599349_32129.11146758619,9
33641.22715718268_32172.445764418604,9
33641.36884455792_32145.77254195082,9
33641.4878565469_32185.4863866979,9
33642.49455985105_32196.18443419257,9
33643.1039759158_32130.546363582907,9
33643.503839166486_32201.280869813607,9
33643.55613097054_32171.949678372133,9
33644.33951819471_32147.177578349823,9
33644.468947815556_32199.23386442355,9
33644.61191546142_31885.324467522565,9
33644.614436567776_31881.81211042128,8
33644.77697663575_32184.870418962324,9
33645.37258333339_31888.419960647443,9
33645.38014665245_31877.882889343586,8
33646.04020843493_32171.335574453078,9
33646.13325120536_31891.51545377232,9
33646.156712934215_32131.987795492918,9
33646.89391907733_31894.6109468972,9
33647.10068102149_32201.515500018606,9
33647.310191831515_32148.582614748826,9
33648.19334012978_31897.460596301455,9
33649.20944995264_32133.42922740292,9
33649.74780988562_32172.926052207993,9
33650.031514362694_31900.06440198508,9
33650.274300989_32149.9982184379,9
33650.38975946883_32203.029340977748,9
33651.869688595616_31902.668207668714,9
33652.2211561339_32134.86430691988,9
33652.85661054115_32202.08953734009,9
33653.23184566716_32151.424389417043,9
33653.91025568255_32204.662333940298,9
33653.995089665135_31905.10062006019,9
33654.50123423844_32198.69608910563,9
33655.191831478005_32136.29303404379,9
33656.18939034532_32152.850560396186,9
33656.40771757125_31907.36163915952,9
33657.66216966264_32206.41447890626,9
33658.162506822104_32137.721761167693,9
33658.70216372775_32153.621058629375,9
33658.82034547737_31909.62265825885,9
33661.11972451031_31911.951437650998,9
33661.12990065769_32139.13997634957,9
33661.35253730475_32208.139324798383,9
33661.42255235978_32154.727373818598,9
33662.06700344835_32182.836293289387,9
33663.26354435494_32180.246999814834,9
33663.30585467006_31914.347977335965,9
33664.09401298476_32140.547679589406,9
33664.79532753714_32156.825178709816,9
33664.9813586089_32209.836871616666,9
33665.44234786298_32179.64512844592,9
33665.49198482983_31916.74451702093,9
33667.05812531182_32141.955382829245,9
33667.162091877064_32194.97986093834,9
33667.604951959336_32208.983069620263,9
33667.87343160176_31918.92805479587,9
33667.910545355844_32193.393465085406,9
33667.953923782195_32158.597734161336,9
33668.60341397251_32181.030679182644,9
33668.9576013067_32197.17599360002,9
33669.22331735607_32205.577918809176,9
33670.01239025065_32143.39078364419,9
33670.45019498587_31920.898590660785,9
33670.75311073635_32199.3721262617,9
33670.8416827528_32202.172767998083,9
33670.898341094944_32160.04504017315,9
33671.20296174306_32192.41680604122,9
33671.76448008203_32182.416229919367,9
33672.95680780125_32144.853882034236,9
33673.02695836997_31922.869126525697,6
33673.81110866797_32184.416140652265,9
33673.842758407685_32161.49234618497,9
33674.495378130276_32191.44014699703,9
33674.74329973033_32187.030411381333,9
33675.675490792695_32189.6446821104,9
33675.73174519824_31924.681000601602,6
33675.90122535185_32146.316980424283,9
33676.76583983548_32162.945036729256,9
33678.564555470664_31926.334212888498,6
33678.85384987842_32147.79056369895,9
33679.66758537832_32164.403111806012,9
33681.39736574309_31927.98742517539,6
33681.81468138096_32149.27463185823,9
33682.56933092118_32165.86118688277,9
33684.10379439689_31929.83482993977,6
33684.775512883505_32150.758700017508,9
33685.43660992343_32167.344464491493,9
33686.68384143206_31931.87642718164,6
33687.756040537_32152.242658494528,9
33688.2694223851_32168.852944632185,9
33688.85591968361_32254.460114449816,8
33689.26388846723_31933.918024423503,4
33690.003325217054_32252.07336106602,8
33690.75626434146_32153.726507289284,9
33691.10223484676_32170.361424772876,9
33691.27952480197_32249.38333785522,8
33691.761870974246_31936.017994552807,9
33692.68451843834_32246.390044817417,8
33693.756488145904_32155.210356084037,9
33693.90714606001_32171.883224046524,8
33694.08951207473_32243.39675177961,8
33694.17778895311_31938.176337569545,9
33695.486299643315_32240.39955900563,5
33696.59370693198_31940.334680586282,9
33696.68415602484_32173.418342453122,8
33696.79446216826_32156.69531074198,9
33696.87488114411_32237.39846649547,5
33698.26346264491_32234.397373985306,5
33699.18524842093_31942.200826257813,9
33699.46116598967_32174.953460859724,8
33699.7094901281_32231.34594374071,5
33699.87018640852_32158.18137126311,9
33701.2129635937_32228.244175761683,5
33701.95241341997_31943.77477458414,9
33702.18073175254_32176.496798074077,8
33702.716437059295_32225.142407782656,5
33702.945910648785_32159.667431784237,9
33704.29377152819_32221.883588528774,5
33704.719578419_31945.34872291047,9
33704.84285331344_32178.048354096187,8
33705.944967000396_32218.46771800004,8
33706.01835337722_32161.145612971108,9
33707.486743418034_31946.922671236796,10
33707.50497487435_32179.59991011829,4
33707.59616247259_32215.051847471306,8
33709.00033748774_32212.041470725755,8
33709.08751459382_32162.615914823728,4
33710.01117335163_32181.25895837041,4
33710.15749204583_32209.436587763383,8
33710.354033595424_31948.192337764645,10
33711.33434178161_32206.845417953184,8
33711.759037136675_32025.318573795925,9
33712.15667581043_32164.08621667634,4
33712.361448745294_32183.025498852538,4
33712.53088669508_32204.267961295158,4
33713.321448951174_31949.157722494012,10
33713.88910410625_32201.380927601545,4
33714.71172413896_32184.792039334665,4
33714.80194024627_32026.802155913523,9
33715.19465379998_32165.546162278828,4
33715.40899401514_32198.18431687235,4
33716.288864306924_31950.123107223386,0
33716.33735359646_32187.603832376437,4
33716.928883924025_32194.987706143154,4
33717.2383371178_32191.46087797785,4
33717.654527491635_32185.3139868663,4
33717.844843355866_32028.285738031118,9
33718.20144856248_32166.995751631184,4
33719.312081964774_31951.19216457437,9
33720.851638727705_32029.78926576354,9
33721.18985880333_32184.59134144744,4
33721.20824332499_32168.445340983537,4
33722.391101924724_31952.36489454698,8
33723.8223263618_32031.31273911079,9
33724.21832130748_32169.904126396286,4
33724.45435720589_32184.969331293476,4
33725.470121884675_31953.537624519588,8
33726.79301399588_32032.836212458038,9
33727.23168250997_32171.37210786942,4
33727.44802269932_32186.44795640441,4
33728.568865589776_31953.37030448723,9
33730.11493330659_32034.53674064252,9
33730.24504371246_32172.840089342564,4
33730.441688192754_32187.926581515338,4
33731.68733304001_31951.862934449906,9
33733.29287253148_32174.315776528685,4
33733.41730077269_32189.388195497082,0
33733.78808429393_32036.414323664245,9
33734.64029996327_32257.452544593463,9
33734.80580049025_31950.355564412588,9
33736.374860439144_32190.83279834964,0
33736.37516896703_32175.799169427795,4
33737.289310871194_32258.2802065194,9
33737.46123528126_32038.29190668597,9
33738.01945479333_31949.26886365743,9
33739.332420105595_32192.277401202195,0
33739.45746540259_32177.282562326902,0
33739.93832177912_32259.10786844534,9
33740.7142229751_32039.970443168473,9
33741.32829594925_31948.60283218445,9
33742.29490446561_32193.720660453702,0
33742.53483936467_32178.74228926848,0
33742.65461373208_32260.528822677443,9
33743.547047375425_32041.449933111762,9
33744.63713710517_31947.93680071146,9
33745.26231351921_32195.162576104158,0
33745.43818673008_32262.543069215717,9
33745.60729085328_32180.17835025253,0
33746.37987177576_32042.929423055055,9
33747.68337738548_31947.094539955157,9
33748.22175972809_32264.557315753984,9
33748.229722572796_32196.604491754613,8
33748.679742341876_32181.614411236576,0
33749.28491328785_32044.416408187375,9
33750.46701679018_31946.076049915522,8
33751.20697996572_32198.055566863484,8
33751.329489298296_32266.447333034077,9
33751.73906476706_32183.034749914255,0
33752.26217191169_32045.910888508726,9
33753.25065619488_31945.057559875895,8
33754.19408569795_32199.515801430767,8
33754.76137544071_32268.213121055993,9
33754.78525812883_32184.439366285562,0
33755.239430535534_32047.40536883008,9
33756.229604403314_31944.282803388014,8
33757.181191430194_32200.97603599805,8
33757.673797498224_32269.909411933128,9
33757.8314514906_32185.84398265687,0
33758.15596236502_32048.9028205802,9
33759.403861415456_31943.751780451887,8
33760.06675547085_32271.536205665485,9
33760.16009138329_32202.445530821944,8
33760.86615699993_32187.235500169532,0
33761.01176740014_32050.403243759087,9
33762.45971344347_32273.162999397842,9
33762.57811842761_31943.220757515755,8
33763.13078555724_32203.924285902453,8
33763.86757243526_32051.903666937975,9
33763.889374656836_32188.613918823554,0
33764.75420958651_32274.068989239488,5
33765.852488898636_31942.984015323305,8
33766.101479731195_32205.40304098296,4
33766.63639137572_32053.340077951765,9
33766.91259231373_32189.99233747758,0
33767.875936231874_32273.895568124368,5
33768.85764294473_32263.294226742528,9
33769.0574035931_32206.860817620767,8
33769.22697282855_31943.041553874536,8
33769.318224221526_32054.712476800458,9
33769.95222344701_32191.382511510197,0
33770.25935864897_32260.461543499434,9
33771.66107435321_32257.628860256336,9
33771.92335520916_32273.36353994319,5
33771.99855714296_32208.29761581587,0
33772.00005706732_32056.08487564915,9
33772.60145675845_31943.099092425768,8
33773.008268056685_32192.78444092141,0
33773.04966161118_32254.7185898886,9
33773.684310662524_32280.279627780597,4
33773.78941227663_32277.4067870094,4
33773.88340406529_32256.204022184844,9
33773.894513890744_32274.5339462382,5
33774.42512042288_32251.73073239622,9
33774.57078236793_32271.682928833234,5
33774.939710692815_32209.734414010974,4
33775.113823727086_32282.534432770866,4
33775.17591442417_32057.633533241074,9
33775.80057923458_32248.74287490384,6
33775.8182177082_32268.853734794502,5
33776.064312666356_32194.18637033262,0
33776.176180576746_31943.079173109323,8
33776.92634778522_32256.18702928495,4
33777.06565304846_32266.02454075577,5
33777.88907173026_32211.159319699866,0
33778.07795147032_32284.171201980207,4
33778.19853496774_32246.948487234833,4
33778.32293615968_32263.20187643619,4
33778.84579629207_32059.358449576222,9
33779.14333554483_32195.61844692142,0
33779.59006704185_32260.38574183576,4
33779.95114428344_31942.981795925207,8
33779.96929150514_32256.17003638506,4
33780.846640255295_32212.57233288254,4
33780.85719792402_32257.569607235328,4
33781.04207921355_32285.80797118955,4
33781.61898762238_32246.347569389192,4
33782.24533669211_32197.080670687803,0
33782.37579070072_32238.086010448274,6
33782.51567815997_32061.08336591137,9
33782.643383189425_32235.05169747207,6
33783.72610799014_31942.88441874109,8
33783.80420878033_32213.985346065212,4
33784.078425960135_32287.369305784574,4
33784.12534106216_32241.03008331726,6
33784.9281185283_32231.927144388643,6
33785.039440277_32245.74665154355,4
33785.31617731871_32276.663175072837,4
33785.34733783939_32198.542894454185,0
33785.8748914236_32243.974156186243,4
33786.39331285123_32215.212840659224,4
33786.752667623325_31941.702680789847,8
33787.18699171007_32288.855205765278,4
33787.468855812054_32230.703253854215,6
33787.90608842059_32278.55213686714,4
33788.24899061987_32245.0429216261,6
33788.43949210833_32200.007806017857,0
33788.613952468_32216.254816664565,4
33789.03082318301_31939.43658207148,8
33790.26559504069_32231.380025868784,11
33790.295557460006_32290.34110574598,4
33790.49599952247_32280.441098661442,5
33790.8321304182_32217.298780960766,4
33791.247638650966_32244.23637963683,11
33791.30897874271_31937.170483353115,8
33791.52179949891_32201.47540537881,0
33791.80076928367_32283.00199225488,5
33791.82039770419_32286.234817647462,4
33791.840026124715_32289.467643040043,4
33792.43599569864_32280.67115321929,5
33792.98478894434_31934.548739834692,8
33793.047846701855_32218.34473354782,4
33793.062334269336_32232.056797883353,11
33793.4879723936_32245.3552555513,2
33794.058253787916_31931.57135151622,8
33794.485964617896_32280.62547866595,5
33794.6041068895_32202.94300473976,8
33794.969991847785_32248.39954936952,3
33795.1317186315_31928.59396319775,8
33795.40147374891_32217.354225651514,6
33795.654186349006_32219.56752521622,4
33795.86070796981_32233.09818310293,11
33796.205183475075_31925.616574879277,8
33796.49116066826_32263.097121505445,4
33796.64418056476_32205.199632530537,4
33796.92413353997_31922.4618286868,8
33797.26202700958_32249.520110555568,11
33797.28856882619_31919.129724620325,8
33797.29582120597_32281.962982237874,4
33797.6420205247_32208.245288751128,4
33797.653004112406_31915.797620553843,8
33797.89301155938_32214.32725727185,4
33797.968859213324_31912.49785565971,8
33798.23613412894_31909.230429937918,8
33798.63986048465_32211.29094497172,4
33798.65114935966_32220.96715596596,6
33798.66071614212_32234.50418152751,6
33798.9973821767_32264.295469454184,4
33800.10567779404_32283.3004858098,4
33800.36407787898_32248.716939109454,2
33800.65781797357_32211.610733342415,4
33801.08594444966_32263.172162783485,6
33801.46072431443_32235.910179952094,7
33801.54380879451_32265.828600478453,4
33801.64811237032_32222.3667867157,6
33802.75212799609_32249.876454929326,11
33802.75684748712_32259.727201493337,6
33803.05833300037_32284.362076672773,4
33803.69589299148_32209.204653863206,4
33804.13044052168_32267.696514578245,4
33804.34772131741_32237.327539806312,3
33804.42617736092_32252.99865801519,3
33804.4277505246_32256.28224020319,2
33804.50064465037_32223.67508139037,6
33806.15378682497_32285.1477548268,4
33806.36712651573_32207.4699712236,4
33806.71707224885_32269.56442867804,4
33806.974252243024_32254.250081011,11
33807.208746199816_32224.892039989973,11
33807.32170715107_32238.756261090173,11
33807.97345917215_32290.995705374946,4
33808.620963329624_32269.740715201675,4
33808.67151854631_32206.406685423586,4
33809.24924064957_32285.93343298083,4
33809.85579809863_32287.88274983021,4
33809.916847749264_32226.108998589578,11
33810.07842436588_32269.914229919515,4
33810.29569298473_32240.184982374027,11
33810.39321062546_32207.385629661487,4
33810.396352642405_32253.63072391677,6
33810.537704102004_32204.50208812014,8
33811.532202753166_32210.406803937294,4
33811.77219600401_32271.77660040773,4
33811.96568318282_32201.75617931326,8
33812.65449128748_32227.412669718145,11
33812.67119488088_32213.427978213105,4
33813.393662263625_32199.010270506376,8
33813.49945917966_32241.667706557608,11
33814.066692597145_32273.03405021178,4
33814.82000328175_32196.12089576527,8
33814.8491394529_32215.70226560072,4
33815.42167681448_32228.803053375683,11
33816.24470623718_32193.088055089946,0
33816.93300573586_32243.20443364091,11
33816.96191414529_32273.68657933167,4
33817.66940919261_32190.055214414613,0
33818.0660364692_32217.229666100146,6
33818.37104575813_32230.21611382613,11
33819.10231756166_32187.084197999873,0
33819.85713569344_32274.339108451557,4
33820.36655229206_32244.741160724214,6
33820.54343134431_32184.175005845715,0
33821.28293348552_32218.757066599566,6
33821.502598118444_32231.65185106948,2
33821.98454512696_32181.265813691556,0
33822.62924323233_32275.84860261347,4
33823.134223431094_32262.24343376362,6
33823.345997170356_32259.975526060593,4
33823.466693889364_32178.23924452814,0
33823.53913721787_32246.152977643156,6
33824.5818951098_32220.330080392054,6
33824.634150478756_32233.08758831284,6
33824.822265588715_32263.477941123605,4
33824.989877631524_32175.095298355463,0
33825.27823676197_32278.215061817413,4
33826.450760513304_32247.439884397743,4
33826.51306137368_32171.951352182787,0
33827.747650921105_32234.457610253306,2
33827.94202677541_32279.41055617297,4
33827.96292134204_32221.94870747761,6
33828.009983732445_32168.854943294613,0
33828.41012364322_32263.679048140548,4
33829.36238380874_32248.72679115233,4
33829.48064470782_32165.806071690942,0
33830.62061327265_32279.435085680143,4
33830.8430994455_32235.761916890886,2
33830.9513056832_32162.75720008727,0
33831.343947574285_32223.567334563166,6
33831.777699999024_32280.55804105523,4
33831.99798169772_32263.880155157494,4
33832.295343135775_32250.088609679617,11
33832.37765201312_32159.708579355345,0
33833.12967140062_32282.046117725513,4
33833.7596836976_32156.660209495167,0
33833.93854796988_32237.066223528465,2
33835.141715382066_32153.611839634985,0
33835.249638494424_32251.525339979613,4
33835.3560461897_32264.743344785493,4
33836.1980272483_32282.800889823084,4
33836.5844765797_32150.494686981467,9
33837.0323577847_32238.290243536212,11
33838.08796729049_32147.308751534612,9
33838.20393385308_32252.962070279602,4
33838.48431711916_32266.268617024543,4
33839.59145800128_32144.12281608776,8
33840.124528889966_32239.433976914122,2
33841.05719773965_32141.008175079907,8
33841.612588048614_32267.793889263598,4
33842.48518650558_32137.96482851105,8
33843.21669999522_32240.577710292036,11
33843.91317527152_32134.92148194219,8
33844.04575357626_32270.204330248554,4
33844.369081384866_32231.292506933973,2
33844.52656305006_32235.23533495278,2
33844.68404471525_32239.178162971588,11
33845.32146836884_32131.8966768995,8
33845.78381370209_32273.499939979425,4
33845.86536461243_32276.9481751811,4
33846.32692836705_32241.619985740508,11
33846.71006579755_32128.89041338298,8
33848.098663226265_32125.884149866455,8
33848.16448486598_32274.67134502997,9
33849.426532954305_32122.879544895506,8
33849.45521400546_32242.560803259545,4
33850.69367498167_32119.87659847013,8
33851.187767067924_32273.71854540019,4
33851.96081700903_32116.873652044756,8
33852.58349964387_32243.50162077858,4
33853.11528851834_32273.44658105961,4
33853.23780447015_32113.991752445054,8
33854.524637365015_32111.23089967102,8
33855.401225792826_32261.426130578322,4
33855.728200716745_32244.368632303274,4
33855.81147025989_32108.47004689699,8
33857.442969756376_32105.97974516001,8
33858.36924929535_32234.53541860204,6
33858.7559987577_32262.984360602717,9
33858.88931722408_32245.161837833624,4
33859.41913585446_32103.759994460084,9
33860.82874450167_31959.611982942977,9
33860.86493093836_31955.8894483154,9
33860.901117375055_31952.166913687823,9
33861.037418475564_31948.655740048373,9
33861.26477168894_32268.45140901381,9
33861.27383423991_31945.35592739705,9
33861.37608144021_32235.484811130176,4
33861.395301952565_32101.54024376016,8
33861.51025000424_31942.056114745727,9
33862.05043373141_32245.955043363974,4
33862.11077172257_32264.542590627112,9
33862.48414172424_31919.6873521731,9
33862.94702936632_32266.364940097475,9
33863.61682630802_32100.077963353193,8
33864.00688159715_32244.77785509469,4
33864.382913585076_32236.43420365831,4
33864.758660821295_32241.630273025767,4
33865.2669725454_32264.965943255516,9
33865.51044004544_32238.48269095684,4
33866.08370892085_32099.373153239187,0
33867.40944427935_32237.282129224965,4
33868.22460122619_32264.25441848793,9
33869.24402912037_32099.19296279688,8
33870.45567352304_32238.028587830137,9
33873.09778690659_32099.53739202627,8
33873.50190276673_32238.775046435312,9
33873.62975045713_32247.00794693461,9
33873.830242795855_32257.732045524383,9
33873.83567663228_32249.694734815548,9
33874.18785722971_32243.864078455925,9
33874.745964002286_32240.72020997724,9
33874.80382447635_32254.603545668357,9
33874.80563575516_32251.924442098745,9
33876.090765416055_32252.177898481525,9
33876.58752548268_32239.452836151995,9
33876.95154469281_32099.881821255658,9
33877.69106561496_32250.455103963886,9
33879.3720919732_32249.77681089403,9
33879.7125416709_32240.061956980186,9
33880.358071792434_32099.186907584364,9
33882.83755785912_32240.671077808376,9
33883.317368205455_32097.452651012383,9
33885.51648636827_32241.1573784522,9
33886.40054192489_32097.69015282533,9
33889.60759295075_32099.89941302319,4
33892.814643976606_32102.108673221053,9
33896.05454037139_32103.445054665117,9
33899.32728213511_32103.908557355382,4
33902.60002389883_32104.372060045644,4
33905.85635168663_32104.93042659577,9
33909.096265498505_32105.583657005758,9
33912.336179310376_32106.236887415744,9
33915.65815706143_32106.99364631484,9
33919.062198751664_32107.853933703052,9
33922.4662404419_32108.714221091257,9
33925.80791488124_32109.519572402518,9
33929.0872220697_32110.269987636835,9
33932.36652925816_32111.020402871145,9
33935.64912034444_32111.758953133347,9
33938.93499532856_32112.485638423437,9
33942.22087031267_32113.212323713524,9
33945.49689892503_32113.919319575507,9
33948.76308116563_32114.606626009387,9
33952.02926340623_32115.29393244327,9
33955.279034089275_32115.958953505444,9
33958.51239321476_32116.601689195915,9
33961.74575234025_32117.244424886387,9
33964.97583005713_32117.877964792042,9
33968.202626365404_32118.502308912884,9
33971.42942267368_32119.126653033727,4
33974.661143606245_32119.765448703514,4
33977.89778916309_32120.418695922246,4
33981.13443471994_32121.071943140978,9
33984.14932891646_32121.686541837284,9
